date,Home_Price_Index,Interest_Rates,Unemployment_Rate,Working_Population,Employment_Rate,Consumer_Price_Index,Construction_Price_Index,Per_Capita_GDP,Median_Household_Income,Housing_Subsidies,Total_Households,Year,Month
2005-01-01,161.289,2.28,5.3,190033400.0,71.3175,191.6,168.6,53719.0,69310.0,27.651,113343.0,2005,1
2005-02-01,163.346,2.5,5.4,190207300.0,71.2337,192.4,170.4,53768.666666666664,69310.0,27.651,113343.0,2005,2
2005-03-01,165.814,2.63,5.2,190428500.0,71.2827,193.1,170.0,53818.333333333336,69310.0,27.651,113343.0,2005,3
2005-04-01,167.503,2.79,5.2,190494300.0,71.4182,193.7,170.0,53868.0,69310.0,27.651,113343.0,2005,4
2005-05-01,169.352,3.0,5.1,190682900.0,71.5245,193.6,168.1,53963.0,69310.0,27.651,113343.0,2005,5
2005-06-01,171.192,3.04,5.0,190897600.0,71.4855,193.7,167.8,54058.0,69310.0,27.651,113343.0,2005,6
2005-07-01,172.861,3.26,5.0,191053600.0,71.6202,194.9,167.2,54153.0,69310.0,27.651,113343.0,2005,7
2005-08-01,174.443,3.5,4.9,191192100.0,71.8137,196.1,165.9,54207.666666666664,69310.0,27.651,113343.0,2005,8
2005-09-01,176.439,3.62,5.0,191474900.0,71.6922,198.8,168.9,54262.333333333336,69310.0,27.651,113343.0,2005,9
2005-10-01,178.028,3.78,5.0,191700600.0,71.7014,199.1,171.6,54317.0,69310.0,27.651,113343.0,2005,10
2005-11-01,179.682,4.0,5.0,191993600.0,71.5668,198.1,172.7,54520.333333333336,69310.0,27.651,113343.0,2005,11
2005-12-01,180.911,4.16,4.9,192186900.0,71.6343,198.1,173.5,54723.666666666664,69310.0,27.651,113343.0,2005,12
2006-01-01,182.322,4.29,4.7,192325600.0,71.687,199.3,177.2,54927.0,70080.0,28.604,114384.0,2006,1
2006-02-01,183.289,4.49,4.8,192511900.0,71.7691,199.4,177.7,54933.0,70080.0,28.604,114384.0,2006,2
2006-03-01,184.365,4.59,4.7,192617600.0,71.8198,199.7,178.3,54939.0,70080.0,28.604,114384.0,2006,3
2006-04-01,184.33,4.79,4.7,192791000.0,71.7968,200.7,179.0,54945.0,70080.0,28.604,114384.0,2006,4
2006-05-01,184.156,4.94,4.6,192947200.0,71.8729,201.3,179.9,54925.333333333336,70080.0,28.604,114384.0,2006,5
2006-06-01,183.507,4.99,4.6,193182900.0,72.0124,201.8,180.7,54905.666666666664,70080.0,28.604,114384.0,2006,6
2006-07-01,183.067,5.24,4.7,193411800.0,72.0218,202.9,182.3,54886.0,70080.0,28.604,114384.0,2006,7
2006-08-01,182.594,5.25,4.7,193525500.0,72.1065,203.8,182.6,54996.0,70080.0,28.604,114384.0,2006,8
2006-09-01,182.798,5.25,4.5,193585500.0,72.0552,202.8,183.3,55106.0,70080.0,28.604,114384.0,2006,9
2006-10-01,183.198,5.25,4.4,193709600.0,72.2447,201.9,182.3,55216.0,70080.0,28.604,114384.0,2006,10
2006-11-01,183.609,5.25,4.5,193923400.0,72.1762,202.0,179.8,55230.666666666664,70080.0,28.604,114384.0,2006,11
2006-12-01,184.14,5.24,4.4,194094400.0,72.3152,203.1,179.8,55245.333333333336,70080.0,28.604,114384.0,2006,12
2007-01-01,184.518,5.25,4.6,194823000.0,72.1214,203.437,181.1,55260.0,71210.0,29.512,116011.0,2007,1
2007-02-01,184.599,5.26,4.5,195054900.0,71.9646,204.226,181.5,55331.333333333336,71210.0,29.512,116011.0,2007,2
2007-03-01,184.151,5.26,4.4,195156700.0,71.9962,205.288,182.5,55402.666666666664,71210.0,29.512,116011.0,2007,3
2007-04-01,183.011,5.25,4.5,195254200.0,71.7109,205.904,183.7,55474.0,71210.0,29.512,116011.0,2007,4
2007-05-01,181.602,5.25,4.4,195416400.0,71.757,206.755,184.0,55532.333333333336,71210.0,29.512,116011.0,2007,5
2007-06-01,180.255,5.25,4.6,195663400.0,71.7755,207.234,184.0,55590.666666666664,71210.0,29.512,116011.0,2007,6
2007-07-01,179.111,5.26,4.7,195834000.0,71.7448,207.603,184.2,55649.0,71210.0,29.512,116011.0,2007,7
2007-08-01,178.117,5.02,4.6,195971500.0,71.5829,207.667,183.9,55718.333333333336,71210.0,29.512,116011.0,2007,8
2007-09-01,177.558,4.94,4.7,196067500.0,71.7108,208.547,183.4,55787.666666666664,71210.0,29.512,116011.0,2007,9
2007-10-01,176.624,4.76,4.7,196110400.0,71.5847,209.19,183.0,55857.0,71210.0,29.512,116011.0,2007,10
2007-11-01,175.147,4.49,4.7,196172300.0,71.7706,210.834,183.3,55737.0,71210.0,29.512,116011.0,2007,11
2007-12-01,174.342,4.24,5.0,196412600.0,71.549,211.445,183.5,55617.0,71210.0,29.512,116011.0,2007,12
2008-01-01,173.132,3.94,5.0,196060100.0,71.6753,212.174,184.3,55497.0,68780.0,29.876,116783.0,2008,1
2008-02-01,171.54,2.98,4.9,196238100.0,71.4353,212.687,185.7,55566.333333333336,68780.0,29.876,116783.0,2008,2
2008-03-01,170.052,2.61,5.1,196376500.0,71.4235,213.448,187.8,55635.666666666664,68780.0,29.876,116783.0,2008,3
2008-04-01,168.337,2.28,5.0,196226700.0,71.4098,213.942,190.9,55705.0,68780.0,29.876,116783.0,2008,4
2008-05-01,166.659,1.98,5.4,196452200.0,71.2011,215.208,195.8,55562.666666666664,68780.0,29.876,116783.0,2008,5
2008-06-01,165.018,2.0,5.6,196513900.0,71.12,217.463,200.4,55420.333333333336,68780.0,29.876,116783.0,2008,6
2008-07-01,163.566,2.01,5.8,196569300.0,70.9229,219.016,203.4,55278.0,68780.0,29.876,116783.0,2008,7
2008-08-01,161.989,2.0,6.1,196691800.0,70.7018,218.69,206.5,54832.333333333336,68780.0,29.876,116783.0,2008,8
2008-09-01,160.309,1.81,6.1,196839600.0,70.5189,218.877,206.3,54386.666666666664,68780.0,29.876,116783.0,2008,9
2008-10-01,158.328,0.97,6.5,196973100.0,70.3683,216.995,201.8,53941.0,68780.0,29.876,116783.0,2008,10
2008-11-01,156.142,0.39,6.8,197132600.0,69.9258,213.153,199.6,53701.0,68780.0,29.876,116783.0,2008,11
2008-12-01,153.619,0.16,7.3,197422000.0,69.5546,211.398,194.8,53461.0,68780.0,29.876,116783.0,2008,12
2009-01-01,151.507,0.15,7.8,197060500.0,69.041,211.933,193.3,53221.0,68340.0,32.883,117181.0,2009,1
2009-02-01,150.015,0.22,8.3,197288500.0,68.7483,212.705,191.2,53153.0,68340.0,32.883,117181.0,2009,2
2009-03-01,148.661,0.18,8.7,197533300.0,68.2372,212.495,190.2,53085.0,68340.0,32.883,117181.0,2009,3
2009-04-01,147.949,0.15,9.0,197857300.0,68.1422,212.709,188.1,53017.0,68340.0,32.883,117181.0,2009,4
2009-05-01,147.694,0.18,9.4,197952400.0,67.7751,213.022,186.9,53038.333333333336,68340.0,32.883,117181.0,2009,5
2009-06-01,148.09,0.21,9.5,197604500.0,67.8115,214.79,187.1,53059.666666666664,68340.0,32.883,117181.0,2009,6
2009-07-01,148.409,0.16,9.5,197701100.0,67.6905,214.726,187.6,53081.0,68340.0,32.883,117181.0,2009,7
2009-08-01,148.278,0.16,9.6,198050000.0,67.3194,215.445,188.1,53231.0,68340.0,32.883,117181.0,2009,8
2009-09-01,148.026,0.15,9.8,198374000.0,66.8831,215.861,189.3,53381.0,68340.0,32.883,117181.0,2009,9
2009-10-01,147.851,0.12,10.0,198663500.0,66.6148,216.509,189.7,53531.0,68340.0,32.883,117181.0,2009,10
2009-11-01,148.137,0.12,9.9,198712600.0,66.6925,217.234,189.2,53581.666666666664,68340.0,32.883,117181.0,2009,11
2009-12-01,147.931,0.12,9.9,198771900.0,66.4368,217.347,189.4,53632.333333333336,68340.0,32.883,117181.0,2009,12
2010-01-01,147.396,0.11,9.8,198247500.0,66.7813,217.488,190.3,53683.0,66730.0,32.669,117538.0,2010,1
2010-02-01,145.632,0.13,9.8,198433100.0,66.7256,217.281,192.2,53822.0,66730.0,32.669,117538.0,2010,2
2010-03-01,145.858,0.16,9.9,198653900.0,66.7354,217.353,193.7,53961.0,66730.0,32.669,117538.0,2010,3
2010-04-01,146.401,0.2,9.9,198997900.0,66.839,217.403,196.5,54100.0,66730.0,32.669,117538.0,2010,4
2010-05-01,146.392,0.2,9.6,199087500.0,66.7333,217.29,198.9,54200.333333333336,66730.0,32.669,117538.0,2010,5
2010-06-01,145.718,0.18,9.4,198931400.0,66.7406,217.199,197.2,54300.666666666664,66730.0,32.669,117538.0,2010,6
2010-07-01,144.987,0.18,9.4,199011300.0,66.7178,217.605,195.6,54401.0,66730.0,32.669,117538.0,2010,7
2010-08-01,143.911,0.19,9.5,199221400.0,66.76,217.923,194.1,54457.0,66730.0,32.669,117538.0,2010,8
2010-09-01,143.014,0.19,9.5,199526500.0,66.6489,218.275,193.9,54513.0,66730.0,32.669,117538.0,2010,9
2010-10-01,142.526,0.19,9.4,199859900.0,66.4639,219.035,193.8,54569.0,66730.0,32.669,117538.0,2010,10
2010-11-01,142.168,0.19,9.8,199984200.0,66.3816,219.59,193.6,54493.0,66730.0,32.669,117538.0,2010,11
2010-12-01,142.055,0.18,9.3,200024900.0,66.5072,220.472,194.2,54417.0,66730.0,32.669,117538.0,2010,12
2011-01-01,141.517,0.17,9.1,199135900.0,66.6923,221.187,195.9,54341.0,65750.0,34.23,119927.0,2011,1
2011-02-01,140.344,0.16,9.0,199346000.0,66.6014,221.898,198.1,54430.666666666664,65750.0,34.23,119927.0,2011,2
2011-03-01,139.976,0.14,9.0,199554300.0,66.6773,223.046,199.7,54520.333333333336,65750.0,34.23,119927.0,2011,3
2011-04-01,140.007,0.1,9.1,199940800.0,66.5443,224.093,201.1,54610.0,65750.0,34.23,119927.0,2011,4
2011-05-01,139.902,0.09,9.0,200043300.0,66.5354,224.806,201.6,54567.333333333336,65750.0,34.23,119927.0,2011,5
2011-06-01,139.859,0.09,9.1,199988500.0,66.4255,224.806,201.9,54524.666666666664,65750.0,34.23,119927.0,2011,6
2011-07-01,139.727,0.07,9.0,200106000.0,66.4166,225.395,202.6,54482.0,65750.0,34.23,119927.0,2011,7
2011-08-01,139.306,0.1,9.0,200137900.0,66.6663,226.106,202.8,54647.666666666664,65750.0,34.23,119927.0,2011,8
2011-09-01,138.665,0.08,9.0,200256900.0,66.6861,226.597,202.7,54813.333333333336,65750.0,34.23,119927.0,2011,9
2011-10-01,137.948,0.07,8.8,200420800.0,66.6662,226.75,202.7,54979.0,65750.0,34.23,119927.0,2011,10
2011-11-01,137.147,0.08,8.6,200324200.0,66.8072,227.169,202.2,55100.0,65750.0,34.23,119927.0,2011,11
2011-12-01,136.67,0.07,8.5,200310900.0,66.8426,227.223,202.2,55221.0,65750.0,34.23,119927.0,2011,12
2012-01-01,136.605,0.08,8.3,200969900.0,66.9226,227.842,203.9,55342.0,65740.0,33.283,121084.0,2012,1
2012-02-01,136.529,0.1,8.3,201102100.0,66.965,228.329,205.1,55391.333333333336,65740.0,33.283,121084.0,2012,2
2012-03-01,137.9,0.13,8.2,201257800.0,66.9832,228.807,205.7,55440.666666666664,65740.0,33.283,121084.0,2012,3
2012-04-01,139.149,0.14,8.2,201505100.0,66.9332,229.187,206.3,55490.0,65740.0,33.283,121084.0,2012,4
2012-05-01,140.151,0.16,8.2,201526600.0,67.0627,228.713,206.5,55478.0,65740.0,33.283,121084.0,2012,5
2012-06-01,141.027,0.16,8.2,201452500.0,67.1318,228.524,206.6,55466.0,65740.0,33.283,121084.0,2012,6
2012-07-01,141.668,0.16,8.2,201486100.0,67.0569,228.59,206.2,55454.0,65740.0,33.283,121084.0,2012,7
2012-08-01,142.278,0.13,8.1,201589900.0,67.0131,229.918,205.5,55437.0,65740.0,33.283,121084.0,2012,8
2012-09-01,142.906,0.14,7.8,201605500.0,67.3108,231.015,206.6,55420.0,65740.0,33.283,121084.0,2012,9
2012-10-01,143.596,0.16,7.8,201658900.0,67.4913,231.638,205.5,55403.0,65740.0,33.283,121084.0,2012,10
2012-11-01,144.579,0.16,7.7,201707200.0,67.2742,231.249,205.6,55555.0,65740.0,33.283,121084.0,2012,11
2012-12-01,145.496,0.16,7.9,201843900.0,67.2966,231.221,206.4,55707.0,65740.0,33.283,121084.0,2012,12
2013-01-01,146.822,0.14,8.0,201721400.0,67.2569,231.679,208.4,55859.0,68220.0,33.213,122459.0,2013,1
2013-02-01,147.781,0.15,7.7,201886700.0,67.2446,232.937,209.1,55877.333333333336,68220.0,33.213,122459.0,2013,2
2013-03-01,149.96,0.14,7.5,202027900.0,67.1886,232.282,209.8,55895.666666666664,68220.0,33.213,122459.0,2013,3
2013-04-01,151.517,0.15,7.6,202177500.0,67.2507,231.797,210.7,55914.0,68220.0,33.213,122459.0,2013,4
2013-05-01,152.847,0.11,7.5,202292500.0,67.3383,231.893,209.5,56033.333333333336,68220.0,33.213,122459.0,2013,5
2013-06-01,154.198,0.09,7.5,202279800.0,67.3598,232.445,208.8,56152.666666666664,68220.0,33.213,122459.0,2013,6
2013-07-01,155.603,0.09,7.3,202313200.0,67.4858,232.9,208.3,56272.0,68220.0,33.213,122459.0,2013,7
2013-08-01,156.96,0.08,7.2,202487800.0,67.4217,233.456,208.9,56395.333333333336,68220.0,33.213,122459.0,2013,8
2013-09-01,158.221,0.08,7.2,202630300.0,67.4727,233.544,208.9,56518.666666666664,68220.0,33.213,122459.0,2013,9
2013-10-01,159.238,0.09,7.2,202699200.0,67.1462,233.669,209.3,56642.0,68220.0,33.213,122459.0,2013,10
2013-11-01,160.071,0.08,6.9,202718500.0,67.4536,234.1,209.8,56543.0,68220.0,33.213,122459.0,2013,11
2013-12-01,160.991,0.09,6.7,202732500.0,67.5476,234.719,209.8,56444.0,68220.0,33.213,122459.0,2013,12
2014-01-01,161.921,0.07,6.6,202552500.0,67.7218,235.288,211.7,56345.0,67360.0,33.806,123229.0,2014,1
2014-02-01,162.519,0.07,6.7,202682200.0,67.7046,235.547,212.7,56552.666666666664,67360.0,33.806,123229.0,2014,2
2014-03-01,163.079,0.08,6.7,202708800.0,67.9067,236.028,213.4,56760.333333333336,67360.0,33.806,123229.0,2014,3
2014-04-01,163.386,0.09,6.2,202805600.0,67.9447,236.468,213.6,56968.0,67360.0,33.806,123229.0,2014,4
2014-05-01,163.654,0.09,6.3,202938600.0,68.0289,236.918,214.3,57157.333333333336,67360.0,33.806,123229.0,2014,5
2014-06-01,164.062,0.1,6.1,203041700.0,68.1505,237.231,214.5,57346.666666666664,67360.0,33.806,123229.0,2014,6
2014-07-01,164.581,0.09,6.2,203033300.0,68.1612,237.498,214.8,57536.0,67360.0,33.806,123229.0,2014,7
2014-08-01,165.208,0.09,6.1,203166600.0,68.2181,237.46,215.5,57591.333333333336,67360.0,33.806,123229.0,2014,8
2014-09-01,165.899,0.09,5.9,203211000.0,68.2733,237.477,215.7,57646.666666666664,67360.0,33.806,123229.0,2014,9
2014-10-01,166.636,0.09,5.7,203255700.0,68.5769,237.43,215.9,57702.0,67360.0,33.806,123229.0,2014,10
2014-11-01,167.33,0.09,5.8,203376500.0,68.5218,236.983,215.8,57841.666666666664,67360.0,33.806,123229.0,2014,11
2014-12-01,168.044,0.12,5.6,203420100.0,68.4896,236.252,215.5,57981.333333333336,67360.0,33.806,123229.0,2014,12
2015-01-01,168.623,0.11,5.7,203861300.0,68.5424,234.747,215.8,58121.0,71000.0,34.859,124587.0,2015,1
2015-02-01,169.12,0.11,5.5,203945600.0,68.5382,235.342,215.3,58206.0,71000.0,34.859,124587.0,2015,2
2015-03-01,169.791,0.11,5.4,203977100.0,68.4212,235.976,215.0,58291.0,71000.0,34.859,124587.0,2015,3
2015-04-01,170.29,0.12,5.4,203992300.0,68.6757,236.222,214.5,58376.0,71000.0,34.859,124587.0,2015,4
2015-05-01,170.872,0.12,5.6,204207200.0,68.7938,237.001,213.7,58412.666666666664,71000.0,34.859,124587.0,2015,5
2015-06-01,171.472,0.13,5.3,204412900.0,68.6893,237.657,213.7,58449.333333333336,71000.0,34.859,124587.0,2015,6
2015-07-01,172.143,0.13,5.2,204509000.0,68.6395,238.034,213.7,58486.0,71000.0,34.859,124587.0,2015,7
2015-08-01,172.927,0.14,5.1,204563700.0,68.7564,238.033,213.3,58480.666666666664,71000.0,34.859,124587.0,2015,8
2015-09-01,173.82,0.14,5.0,204604700.0,68.6614,237.498,212.5,58475.333333333336,71000.0,34.859,124587.0,2015,9
2015-10-01,174.784,0.12,5.0,204677400.0,68.7432,237.733,212.4,58470.0,71000.0,34.859,124587.0,2015,10
2015-11-01,175.73,0.12,5.1,204727900.0,68.8971,238.017,211.7,58548.0,71000.0,34.859,124587.0,2015,11
2015-12-01,176.533,0.24,5.0,204756200.0,69.0953,237.761,210.9,58626.0,71000.0,34.859,124587.0,2015,12
2016-01-01,177.257,0.34,4.8,205073400.0,69.184,237.652,211.4,58704.0,73520.0,37.55,125819.0,2016,1
2016-02-01,177.637,0.38,4.9,205102700.0,69.2552,237.336,211.3,58731.666666666664,73520.0,37.55,125819.0,2016,2
2016-03-01,178.154,0.36,5.0,205204000.0,69.2872,238.08,211.6,58759.333333333336,73520.0,37.55,125819.0,2016,3
2016-04-01,178.757,0.37,5.1,205258600.0,69.1479,238.992,212.7,58787.0,73520.0,37.55,125819.0,2016,4
2016-05-01,179.418,0.37,4.8,205415000.0,69.2837,239.557,213.7,58886.0,73520.0,37.55,125819.0,2016,5
2016-06-01,180.084,0.38,4.9,205549800.0,69.1943,240.222,214.6,58985.0,73520.0,37.55,125819.0,2016,6
2016-07-01,180.844,0.39,4.8,205690600.0,69.2854,240.101,215.3,59084.0,73520.0,37.55,125819.0,2016,7
2016-08-01,181.835,0.4,4.9,205685000.0,69.3748,240.545,216.0,59154.666666666664,73520.0,37.55,125819.0,2016,8
2016-09-01,182.808,0.4,5.0,205735200.0,69.4226,241.176,215.3,59225.333333333336,73520.0,37.55,125819.0,2016,9
2016-10-01,183.735,0.4,4.9,205842400.0,69.4333,241.741,214.8,59296.0,73520.0,37.55,125819.0,2016,10
2016-11-01,184.745,0.41,4.7,205826300.0,69.5567,242.026,214.5,59362.0,73520.0,37.55,125819.0,2016,11
2016-12-01,185.708,0.54,4.7,205937300.0,69.5742,242.637,215.5,59428.0,73520.0,37.55,125819.0,2016,12
2017-01-01,186.787,0.65,4.7,205381900.0,69.6519,243.618,217.3,59494.0,74810.0,35.771,126224.0,2017,1
2017-02-01,187.307,0.66,4.6,205427900.0,69.7303,244.006,218.8,59574.666666666664,74810.0,35.771,126224.0,2017,2
2017-03-01,187.984,0.79,4.4,205328200.0,70.0017,243.892,219.7,59655.333333333336,74810.0,35.771,126224.0,2017,3
2017-04-01,188.714,0.9,4.4,205360500.0,70.088,244.193,221.0,59736.0,74810.0,35.771,126224.0,2017,4
2017-05-01,189.602,0.91,4.4,205470800.0,70.0022,244.004,221.7,59857.0,74810.0,35.771,126224.0,2017,5
2017-06-01,190.507,1.04,4.3,205639600.0,70.0959,244.163,221.9,59978.0,74810.0,35.771,126224.0,2017,6
2017-07-01,191.455,1.15,4.3,205744100.0,70.1819,244.243,221.9,60099.0,74810.0,35.771,126224.0,2017,7
2017-08-01,192.642,1.16,4.4,205755000.0,70.1511,245.183,222.4,60290.666666666664,74810.0,35.771,126224.0,2017,8
2017-09-01,193.736,1.15,4.3,205682100.0,70.4715,246.435,223.1,60482.333333333336,74810.0,35.771,126224.0,2017,9
2017-10-01,194.783,1.15,4.2,205724100.0,70.2721,246.626,223.9,60674.0,74810.0,35.771,126224.0,2017,10
2017-11-01,195.935,1.16,4.2,205750800.0,70.313,247.284,223.9,60813.666666666664,74810.0,35.771,126224.0,2017,11
2017-12-01,197.157,1.3,4.1,205858700.0,70.3037,247.805,224.1,60953.333333333336,74810.0,35.771,126224.0,2017,12
2018-01-01,198.296,1.41,4.0,206366700.0,70.3221,248.859,225.8,61093.0,75790.0,38.859,127586.0,2018,1
2018-02-01,199.226,1.42,4.1,206277200.0,70.601,249.529,228.7,61174.0,75790.0,38.859,127586.0,2018,2
2018-03-01,199.965,1.51,4.0,206231600.0,70.5501,249.577,231.3,61255.0,75790.0,38.859,127586.0,2018,3
2018-04-01,200.657,1.69,4.0,206234800.0,70.5332,250.227,232.4,61336.0,75790.0,38.859,127586.0,2018,4
2018-05-01,201.418,1.7,3.8,206415300.0,70.717,250.792,236.8,61431.333333333336,75790.0,38.859,127586.0,2018,5
2018-06-01,202.229,1.82,4.0,206576800.0,70.6917,251.018,239.2,61526.666666666664,75790.0,38.859,127586.0,2018,6
2018-07-01,202.901,1.91,3.8,206632000.0,70.8675,251.214,239.6,61622.0,75790.0,38.859,127586.0,2018,7
2018-08-01,203.654,1.91,3.8,206728900.0,70.5726,251.663,239.4,61621.0,75790.0,38.859,127586.0,2018,8
2018-09-01,204.312,1.95,3.7,206671200.0,70.7652,252.182,240.0,61620.0,75790.0,38.859,127586.0,2018,9
2018-10-01,205.077,2.19,3.8,206643200.0,70.9353,252.772,238.7,61619.0,75790.0,38.859,127586.0,2018,10
2018-11-01,205.65,2.2,3.8,206607600.0,70.989,252.594,238.8,61725.666666666664,75790.0,38.859,127586.0,2018,11
2018-12-01,206.14,2.27,3.9,206775300.0,71.0153,252.767,238.3,61832.333333333336,75790.0,38.859,127586.0,2018,12
2019-01-01,206.531,2.4,4.0,206327700.0,71.0326,252.561,238.5,61939.0,81210.0,40.185,128579.0,2019,1
2019-02-01,206.857,2.4,3.8,206311000.0,71.0692,253.319,238.1,62087.666666666664,81210.0,40.185,128579.0,2019,2
2019-03-01,207.079,2.41,3.8,206131800.0,71.056,254.277,238.1,62236.333333333336,81210.0,40.185,128579.0,2019,3
2019-04-01,207.532,2.42,3.7,206188600.0,71.1368,255.233,237.2,62385.0,81210.0,40.185,128579.0,2019,4
2019-05-01,208.144,2.39,3.6,206463500.0,71.1439,255.296,237.3,62597.333333333336,81210.0,40.185,128579.0,2019,5
2019-06-01,208.633,2.38,3.6,206527000.0,71.2449,255.213,236.3,62809.666666666664,81210.0,40.185,128579.0,2019,6
2019-07-01,209.23,2.4,3.7,206373300.0,71.2664,255.802,235.6,63022.0,81210.0,40.185,128579.0,2019,7
2019-08-01,210.026,2.13,3.6,206398400.0,71.4154,256.036,234.4,63134.666666666664,81210.0,40.185,128579.0,2019,8
2019-09-01,210.832,2.04,3.5,206305100.0,71.7081,256.43,234.4,63247.333333333336,81210.0,40.185,128579.0,2019,9
2019-10-01,211.721,1.83,3.6,206185300.0,71.7188,257.155,233.8,63360.0,81210.0,40.185,128579.0,2019,10
2019-11-01,212.759,1.55,3.6,206199500.0,71.6933,257.879,232.8,63045.333333333336,81210.0,40.185,128579.0,2019,11
2019-12-01,213.928,1.55,3.6,206268400.0,71.7017,258.63,232.2,62730.666666666664,81210.0,40.185,128579.0,2019,12
2020-01-01,215.025,1.55,3.6,205746300.0,71.7678,258.906,233.4,62416.0,79560.0,44.147,128451.0,2020,1
2020-02-01,215.893,1.58,3.5,205651000.0,71.8031,259.246,234.6,60760.333333333336,79560.0,44.147,128451.0,2020,2
2020-03-01,216.451,0.65,4.4,205303300.0,70.5094,258.15,236.3,59104.666666666664,79560.0,44.147,128451.0,2020,3
2020-04-01,216.855,0.05,14.8,206911300.0,60.1666,256.126,234.3,57449.0,79560.0,44.147,128451.0,2020,4
2020-05-01,216.986,0.05,13.2,206867800.0,62.2365,255.848,233.3,58937.666666666664,79560.0,44.147,128451.0,2020,5
2020-06-01,217.563,0.08,11.0,205554600.0,64.7832,257.004,234.8,60426.333333333336,79560.0,44.147,128451.0,2020,6
2020-07-01,219.254,0.09,10.2,205342600.0,65.3849,258.408,237.0,61915.0,79560.0,44.147,128451.0,2020,7
2020-08-01,222.268,0.1,8.4,205693400.0,66.8532,259.366,240.9,62128.0,79560.0,44.147,128451.0,2020,8
2020-09-01,225.718,0.09,7.8,206093800.0,66.9096,259.951,246.9,62341.0,79560.0,44.147,128451.0,2020,9
2020-10-01,229.65,0.09,6.8,205972500.0,67.9024,260.249,246.4,62554.0,79560.0,44.147,128451.0,2020,10
2020-11-01,233.224,0.09,6.7,206163500.0,67.8204,260.895,244.3,62845.333333333336,79560.0,44.147,128451.0,2020,11
2020-12-01,236.528,0.09,6.7,206145100.0,67.9597,262.005,248.0,63136.666666666664,79560.0,44.147,128451.0,2020,12
2021-01-01,239.695,0.09,6.4,205149200.0,68.2008,262.518,256.4,63428.0,79260.0,45.299,129224.0,2021,1
2021-02-01,242.436,0.08,6.2,205156600.0,68.463,263.583,264.6,63749.333333333336,79260.0,45.299,129224.0,2021,2
2021-03-01,245.538,0.07,6.1,205129800.0,68.5828,264.91,276.7,64070.666666666664,79260.0,45.299,129224.0,2021,3
2021-04-01,249.115,0.07,6.1,205507000.0,68.6433,266.752,291.8,64392.0,79260.0,45.299,129224.0,2021,4
2021-05-01,253.365,0.06,5.8,205657600.0,68.9729,268.452,305.9,64553.666666666664,79260.0,45.299,129224.0,2021,5
2021-06-01,258.204,0.08,5.9,205407900.0,69.105,270.664,315.7,64715.333333333336,79260.0,45.299,129224.0,2021,6
2021-07-01,262.547,0.1,5.4,205308700.0,69.6713,271.994,313.542,64877.0,79260.0,45.299,129224.0,2021,7
2021-08-01,266.573,0.09,5.1,205299500.0,69.6769,272.789,313.083,65246.666666666664,79260.0,45.299,129224.0,2021,8
2021-09-01,270.162,0.08,4.7,205464800.0,69.9277,273.887,317.136,65616.33333333333,79260.0,45.299,129224.0,2021,9
2021-10-01,273.564,0.08,4.5,205333100.0,70.2183,276.434,322.12,65986.0,79260.0,45.299,129224.0,2021,10
2021-11-01,277.296,0.08,4.1,205338600.0,70.6337,278.799,328.94,65917.0,79260.0,45.299,129224.0,2021,11
2021-12-01,281.465,0.08,3.9,205318700.0,70.8432,280.808,335.032,65848.0,79260.0,45.299,129224.0,2021,12
2022-01-01,286.228,0.08,4.0,207067600.0,70.7323,282.39,345.742,65779.0,77540.0,48.021,131202.0,2022,1
2022-02-01,291.281,0.08,3.8,206999600.0,70.8971,284.535,343.583,65772.66666666667,77540.0,48.021,131202.0,2022,2
2022-03-01,296.517,0.2,3.6,206834800.0,71.2182,287.553,345.852,65766.33333333333,77540.0,48.021,131202.0,2022,3
2022-04-01,300.56,0.33,3.7,206950000.0,71.1927,288.764,343.786,65760.0,77540.0,48.021,131202.0,2022,4
2022-05-01,303.572,0.77,3.6,207149400.0,71.3598,291.359,353.015,65878.33333333333,77540.0,48.021,131202.0,2022,5
2022-06-01,304.364,1.21,3.6,207392100.0,71.2312,294.996,349.8,65996.66666666667,77540.0,48.021,131202.0,2022,6
2022-07-01,303.383,1.68,3.5,207489300.0,71.3216,294.977,346.79,66115.0,77540.0,48.021,131202.0,2022,7
2022-08-01,300.998,2.33,3.6,207426000.0,71.4809,295.209,342.753,66268.33333333333,77540.0,48.021,131202.0,2022,8
2022-09-01,299.039,2.56,3.5,207486300.0,71.4121,296.341,336.464,66421.66666666667,77540.0,48.021,131202.0,2022,9
2022-10-01,298.69,3.08,3.6,207527000.0,71.2992,297.863,333.796,66575.0,77540.0,48.021,131202.0,2022,10
2022-11-01,298.446,3.78,3.6,207551100.0,71.3224,298.648,330.369,66705.66666666667,77540.0,48.021,131202.0,2022,11
2022-12-01,297.639,4.1,3.5,207555600.0,71.6427,298.812,326.449,66836.33333333333,77540.0,48.021,131202.0,2022,12
2023-01-01,297.6,4.33,3.4,208307500.0,71.6924,300.356,327.338,66967.0,80610.0,53.573,131434.0,2023,1
2023-02-01,297.992,4.57,3.6,208350700.0,71.7717,301.509,330.532,67076.33333333333,80610.0,53.573,131434.0,2023,2
2023-03-01,299.056,4.65,3.5,208204600.0,71.858,301.744,331.729,67185.66666666667,80610.0,53.573,131434.0,2023,3
2023-04-01,300.473,4.83,3.4,208312600.0,71.954,303.032,333.366,67295.0,80610.0,53.573,131434.0,2023,4
2023-05-01,302.506,5.06,3.7,208514000.0,71.9353,303.365,337.473,67502.0,80610.0,53.573,131434.0,2023,5
2023-06-01,304.45,5.08,3.6,208668100.0,71.9816,304.003,337.336,67709.0,80610.0,53.573,131434.0,2023,6
2023-07-01,306.59,5.12,3.5,208808500.0,71.9384,304.628,334.512,67916.0,80610.0,53.573,131434.0,2023,7
2023-08-01,309.056,5.33,3.8,208812200.0,72.0858,306.187,333.794,68061.0,80610.0,53.573,131434.0,2023,8
2023-09-01,311.211,5.33,3.8,208955200.0,72.0224,307.288,332.098,68206.0,80610.0,53.573,131434.0,2023,9
2023-10-01,313.103,5.33,3.8,208969700.0,71.989,307.531,328.743,68351.0,80610.0,53.573,131434.0,2023,10
2023-11-01,314.015,5.33,3.7,208996400.0,72.1321,308.024,326.844,68417.0,80610.0,53.573,131434.0,2023,11
2023-12-01,314.674,5.33,3.7,209107000.0,71.8361,308.742,327.644,68483.0,80610.0,53.573,131434.0,2023,12
2024-01-01,316.109,5.33,3.7,208619400.0,72.0246,309.685,334.374,68549.0,80610.0,53.573,132216.0,2024,1
2024-02-01,317.568,5.33,3.9,208643000.0,71.8898,311.054,337.766,68691.66666666667,80610.0,53.573,132216.0,2024,2
2024-03-01,318.554,5.33,3.8,208587500.0,71.9978,312.23,330.963,68834.33333333333,80610.0,53.573,132216.0,2024,3
2024-04-01,319.534,5.33,3.9,208557300.0,72.0118,313.207,330.135,68977.0,80610.0,53.573,132216.0,2024,4
2024-05-01,320.508,5.33,4.0,208816600.0,71.8575,313.225,329.435,69117.66666666667,80610.0,53.573,132216.0,2024,5
2024-06-01,321.036,5.33,4.1,208891700.0,71.7931,313.049,328.304,69258.33333333333,80610.0,53.573,132216.0,2024,6
2024-07-01,321.45,5.33,4.3,208875500.0,71.7842,313.534,325.556,69399.0,80610.0,53.573,132216.0,2024,7
2024-08-01,322.277,5.33,4.2,208926800.0,71.7151,314.121,324.626,69399.0,80610.0,53.573,132216.0,2024,8
2024-09-01,323.352,5.13,4.1,209079300.0,71.8506,314.686,324.032,69399.0,80610.0,53.573,132216.0,2024,9
2024-10-01,323.352,4.83,4.1,209076300.0,71.6827,315.454,325.38,69399.0,80610.0,53.573,132216.0,2024,10
2024-11-01,323.352,4.64,4.2,209238600.0,71.6203,316.441,327.047,69399.0,80610.0,53.573,132216.0,2024,11
